{"cameraMode":{"drawMode":0,"name":"Shaded","section":"Shading Mode"},"sceneLighting":true,"audioPlay":false,"sceneViewState":{"m_AlwaysRefresh":false,"showFog":true,"showSkybox":true,"showFlares":true,"showImageEffects":true,"showParticleSystems":true,"showVisualEffectGraphs":true,"m_FxEnabled":true},"in2DMode":false,"pivot":{"x":-6.324690818786621,"y":3.090026378631592,"z":-5.983635425567627},"rotation":{"x":-0.09618495404720307,"y":-0.17202025651931764,"z":0.016879437491297723,"w":-0.9802505970001221},"size":0.6077667474746704,"orthographic":false}