{"cameraMode":{"drawMode":0,"name":"Shaded","section":"Shading Mode"},"sceneLighting":true,"audioPlay":false,"sceneViewState":{"m_AlwaysRefresh":false,"showFog":true,"showSkybox":true,"showFlares":true,"showImageEffects":true,"showParticleSystems":true,"showVisualEffectGraphs":true,"m_FxEnabled":true},"in2DMode":false,"pivot":{"x":6.442766189575195,"y":3.2007644176483156,"z":-6.340658664703369},"rotation":{"x":-0.010453668422996998,"y":-0.09375523030757904,"z":-0.0009846827015280724,"w":0.9955427646636963},"size":1.814331293106079,"orthographic":false}